species,TTA(Leu),TTG(Leu),CTT(Leu),CTC(Leu),CTA(Leu),CTG(Leu),TCT(Ser),TCC(Ser),TCA(Ser),TCG(Ser),AGT(Ser),AGC(Ser),CGT(Arg),CGC(Arg),CGA(Arg),CGG(Arg),AGA(Arg),AGG(Arg),GTT(Val),GTC(Val),GTA(Val),GTG(Val),CCT(Pro),CCC(Pro),CCA(Pro),CCG(Pro),ACT(Thr),ACC(Thr),ACA(Thr),ACG(Thr),GCT(Ala),GCC(Ala),GCA(Ala),GCG(Ala),GGT(Gly),GGC(Gly),GGA(Gly),GGG(Gly),ATT(Ile),ATC(Ile),ATA(Ile),TTT(Phe),TTC(Phe),TAT(Tyr),TAC(Tyr),CAT(His),CAC(His),CAA(Gln),CAG(Gln),AAT(Asn),AAC(Asn),AAA(Lys),AAG(Lys),GAT(Asp),GAC(Asp),GAA(Glu),GAG(Glu),TGT(Cys),TGC(Cys)
Actinidia arguta,0.2892482818557043,1.404155975331223,0.6732636660182585,0.7283103808499399,1.074124584244969,1.830897111699906,0.8107230332613701,0.87700856428274,0.9754902413584026,1.354087035045242,0.9562630035474214,1.026428122504824,0.9622079006727107,1.040878986891234,1.008664185688418,1.079205926331027,0.5548244735439055,1.354218526872704,1.023667128834441,1.107363183393231,0.8584854539782834,1.010484233794045,0.5035304815773671,0.5446996404484724,1.14801782941265,1.803752048561511,0.9770712508257481,1.056957579509614,0.9545134958538538,1.011457673810784,0.9360035859683276,1.012532181047499,1.047712386183046,1.003751846801127,1.233918672056807,1.334805104363338,0.4902141181780401,0.941062105401815,1.440339702760085,1.558103326256193,0.001556970983722576,0.960725075528701,1.039274924471299,0.9624600638977636,1.037539936102237,0.9625505541257419,1.037449445874258,0.6357650121816567,1.364234987818343,0.9634868290357185,1.036513170964281,0.6115211070944037,1.388478892905596,0.9681766669729548,1.031823333027045,0.5653372742024828,1.434662725797517,0.9824764105526669,1.017523589447333
Actinidia chinensis,0.3397802431126917,1.34019852433781,0.742714581453368,0.8034396730187379,1.104139285524709,1.669727692552683,0.8450504609097728,0.9141426369589993,0.9301401331057817,1.404874246334276,0.9154713326522537,0.9903211900389157,0.9490208041807319,1.026613700120037,0.9948404040136087,1.114154403231048,0.5969546446311684,1.318416043823407,1.047758686018352,1.133424490535576,0.8786895328467955,0.9401272905992761,0.5462306364388512,0.5908910029401407,1.14517195672525,1.717706403895758,1.130260159423004,1.222671367426143,0.8749700962252209,0.7720983769256323,0.9542719675107406,1.032294203848097,1.040356501602957,0.9730773270382057,1.252061223131447,1.354431008670496,0.4875539152224433,0.905953852975614,1.438571428571429,1.556190476190476,0.005238095238095236,0.9607250755287008,1.039274924471299,0.9607250755287008,1.039274924471299,0.9889538661468488,1.011046133853151,0.655083500538185,1.344916499461815,0.9702535983550377,1.029746401644962,0.6024741829192628,1.397525817080737,0.9658421672555948,1.034157832744405,0.5353049924066893,1.464695007593311,0.9607250755287009,1.039274924471299
Actinidia deliciosa,0.4163431195333876,1.237938029449861,0.750976245102764,0.812376818601732,1.064750787320261,1.717614999991995,0.8753984849744312,0.9469719460100765,0.8987715921370669,1.348236734350187,0.9302120971024085,1.00040914542583,0.9607385841751184,1.039289537598241,0.9577208138745233,1.058898774156698,0.6043213285029754,1.379030961692444,0.9676535921857409,1.046769923622311,0.9509783038675714,1.034598180324377,0.544376064571903,0.5888847994111152,1.121311980553107,1.745427155463875,1.104551200664705,1.194860418329115,0.8867085489374498,0.8138798320687299,0.9408144849928255,1.017736424017396,1.051118054155225,0.990331036834553,1.232816434255666,1.333612746490406,0.5495425932339179,0.8840282260200094,1.440608861103561,1.558394491256682,0.00099664763975718,0.960725075528701,1.039274924471299,0.9607250755287007,1.039274924471299,0.9789239429244666,1.021076057075534,0.6635962686858436,1.336403731314156,0.9645405642770887,1.035459435722911,0.5960540804395454,1.403945919560455,0.9623525004682526,1.037647499531748,0.5278231980586328,1.472176801941367,0.9630317913320501,1.03696820866795
Actinidia eriantha,0.3478677340072805,1.372046650745438,0.7603642560690027,0.8225324027916252,0.9564808481532148,1.740708108233439,0.8144916490157257,0.8810853058534892,0.9314310418026547,1.369128329391786,0.9625810397458575,1.041282634190487,1.04057339399507,1.125651721805987,1.018096717818698,1.125651721805987,0.5091101679509212,1.180916276623336,0.9886588482968287,1.069492590610406,0.9327592064969012,1.009089354595864,0.6363620565174186,0.6883916586226163,1.053270834616958,1.621975450243007,1.125643793915152,1.217677563228969,0.9102948873218427,0.7463837555340362,0.9242132665707578,0.9997778732715114,1.038033493389135,1.037975366768596,1.331909279386819,1.440807522355553,0.4538264469155969,0.7734567513420312,1.438697029105716,1.556326345950837,0.004976624943447442,0.9738180448295347,1.026181955170465,0.9674907533579911,1.032509246642009,0.9809708737864078,1.019029126213592,0.5475203532664066,1.452479646733593,0.9607250755287009,1.039274924471299,0.6024757864300745,1.397524213569926,0.9607250755287009,1.039274924471299,0.4752813971659663,1.524718602834034,0.960725075528701,1.039274924471299
Actinidia hemsleyana,0.3586104785111511,1.429358687497096,0.6967526043568619,0.753719798423775,1.035810985771481,1.725747445439637,1.06465036496015,1.151697250145571,0.8272093070582156,1.131215630101942,0.8767708887907115,0.9484565589434111,1.031327194137795,1.11564954334403,0.9730150464944062,1.014030301992926,0.5946563413829945,1.271321572647848,1.093704321507799,1.183126687417241,0.8169077058004159,0.9062612852745437,0.5238220181737532,0.5666502334961355,1.223696239706227,1.685831508623885,0.9495666195405374,1.027204141892908,1.010725692622023,1.012503545944531,0.9542719675107406,1.032294203848097,1.040356501602957,0.973077327038206,1.328242622614679,1.436841076036005,0.4177698965846545,0.817146404764662,1.438571428571429,1.556190476190477,0.005238095238095239,0.9607250755287009,1.039274924471299,0.9607250755287008,1.039274924471299,0.9707064905226881,1.029293509477312,0.6550864368960444,1.344913563103956,0.9607250755287009,1.039274924471299,0.6260452833879409,1.373954716612059,0.964839588019415,1.035160411980585,0.5336092342986056,1.466390765701394,0.9667183997240902,1.03328160027591
Actinidia rufa,0.3489532929674877,1.158309817971579,0.7924753057550821,0.8572688842130447,1.096556553579721,1.746436145513086,0.8410770017456317,0.9098443037751485,1.013929786821364,1.338317493343678,0.9111667518911009,0.9856646624230777,0.9398771706643054,1.016722473926167,0.9606254025450082,1.046278359796113,0.5912137740280115,1.445282819040394,0.9057119665057461,0.9797638882955241,0.9114652311986442,1.203058914000085,0.5577267665001475,0.6033270681636818,1.052349730928989,1.786596434407182,1.005076302569407,1.087252352465018,0.913130433408427,0.9945409115571482,0.9920213049792344,1.073129965134769,1.018025332500355,0.9168233973856412,1.391410881883218,1.505174035747883,0.3851320308910717,0.7182830514778269,1.438571428571429,1.556190476190476,0.005238095238095239,0.960725075528701,1.039274924471299,0.960725075528701,1.039274924471299,0.9809708737864079,1.019029126213592,0.6696933375296027,1.330306662470397,0.9607250755287009,1.039274924471299,0.573675128699052,1.426324871300948,0.9607250755287009,1.039274924471299,0.4816049083004127,1.518395091699587,0.9607250755287009,1.039274924471299
Actinidia zhejiangensis,0.3737166896105067,1.372381087047146,0.768832325831345,0.8316928304590651,1.011091435659197,1.642285631392741,0.8694298066784666,0.9405152625704168,0.9510306796744333,1.350385917947413,0.9072311026210089,0.981407230508261,0.8686736609768847,0.9396972936353719,0.9470364023434159,1.140748807622475,0.6556901767031559,1.448153658718697,1.011001853284139,1.093662382169005,0.9209501137130417,0.9743856508338136,0.6020769762356306,0.6513033956762796,1.124557471414396,1.622062156673694,1.069688605499067,1.157147422300877,0.9469148653202741,0.826249106879782,0.9326288108005065,1.008881480865957,1.055864856806284,1.002624851527253,1.327245872065927,1.435762830159367,0.4452812513767508,0.7917100463979558,1.439680426098535,1.557390146471371,0.002929427430093209,0.9674907533579913,1.032509246642009,0.9707064905226881,1.029293509477312,0.9832453947977415,1.016754605202259,0.5943417121803911,1.405658287819609,0.960725075528701,1.039274924471299,0.5747781711185691,1.425221828881431,0.9629347065929177,1.037065293407083,0.4574795871206284,1.542520412879372,0.9645405642770887,1.035459435722911
Arabidopsis thaliana,0.3264314509001214,0.9746820181501886,1.124256546605157,1.216176893182937,1.251057673218636,1.107395417942961,1.494719498890464,1.616929269239999,1.138079723321038,0.6857600878722883,0.5113514075151588,0.5531600131610523,0.9456759501366858,1.02299536744346,0.9913340573309164,0.9780575864446506,0.6609356310343841,1.401001407609905,1.018235378876419,1.10148732809273,0.9393168003500849,0.9409604926807661,0.5546060204401967,0.5999511667654959,1.329868499075657,1.515574313718651,0.9103791815175853,0.9848126995032992,1.030675197892959,1.074132921086157,0.9758193199950901,1.055603289554437,0.9973609917761139,0.9712163986743587,1.342359480345005,1.452112142260006,0.4405633358202038,0.7649650415747856,1.438275984391628,1.555870876197233,0.005853139411138701,0.9607250755287009,1.039274924471299,0.9607250755287009,1.039274924471299,0.9607250755287012,1.039274924471299,0.5806030260150211,1.419396973984979,0.9607250755287009,1.039274924471299,0.579194465035829,1.420805534964171,0.9607250755287011,1.039274924471299,0.6024970634367174,1.397502936563283,0.9607250755287009,1.039274924471299
Coffea arabica,0.3334605778700852,1.582805638864132,0.9085418649075707,0.9828251620383782,1.047642100534824,1.14472465578501,1.307691253272655,1.414609406055954,0.9870190396556688,0.8750839581648459,0.6799994517017808,0.7355968911490962,0.4429068057226904,0.4791193118509603,0.4828612708175485,0.4702054641886169,1.689941094323365,2.434966053096819,1.124473098239553,1.216411150296875,0.8944906850320898,0.7646250664314826,0.6836631288044399,0.7395601141783875,1.211795827465941,1.364980929551231,0.7223810513276725,0.7814436530085513,1.202677593693397,1.293497701970379,0.9203918901318361,0.9956440572495333,1.085425681249186,0.9985383713694449,1.171249148266146,1.267011657243881,0.6051664399761121,0.9565727545138608,1.439948249838281,1.557679867749587,0.002371882412132538,0.9607250755287009,1.039274924471299,0.960725075528701,1.039274924471299,0.9656043801768918,1.034395619823108,0.587735234634765,1.412264765365235,0.9695836873406967,1.030416312659303,0.6772561416735418,1.322743858326458,0.960725075528701,1.039274924471299,0.6663699006590932,1.333630099340907,0.960725075528701,1.039274924471299
Cycas panzhihuaensis,0.4319438261323426,1.649294228717484,0.5263061949755533,0.5693375190930513,1.266506854309465,1.556611376772104,1.58097535530459,1.710237491272889,0.6021051938554379,0.6728936308805056,0.691089085917383,0.7426992427691951,0.8135382919693207,0.8800540013756174,1.071337831849033,1.046343274891359,0.5437419403666413,1.644984659548029,0.8819077708789105,0.9540134376803308,0.8960430415364908,1.268035749904268,0.788439142809431,0.8529027205234095,1.035550496347671,1.323107640319488,0.8256058986685593,0.8931082677420887,1.125091409458121,1.156194424131231,0.5898267531453633,0.6380515820188837,1.180365075444035,1.591756589391717,1.599176326261615,1.729926591930803,0.2436030961874652,0.4272939856201175,1.439948249838281,1.557679867749587,0.002371882412132538,1.021198851608039,0.9788011483919612,0.9808415812930487,1.019158418706952,0.9790830340164802,1.02091696598352,0.6066214429766581,1.393378557023342,0.9678949947136336,1.032105005286366,0.7724853421247783,1.227514657875222,0.9764591168686447,1.023540883131355,0.4469436118391752,1.553056388160825,0.9758370085098454,1.024162991490155
Rhododendron simsii,0.4504697365932163,1.134934050723746,1.002525078139309,1.084492537358246,1.08095262400956,1.246625973175924,0.8286772916749107,0.8964307809313499,0.8107776305388719,0.7806128505784622,1.289053564827639,1.394447881448766,0.9187506019068408,0.9938685756476521,0.9631087284517352,0.9823119643029117,0.6742704889088632,1.467689640781997,1.032786086617626,1.117227716341079,0.909436352121596,0.9405498449196992,0.7386673790083736,0.7990615672291845,1.161473153621909,1.300797900140532,0.9743777180038827,1.05404382073376,0.9630581278028134,1.008520333459544,0.8098859938112486,0.8761030876448727,1.091541493923126,1.222469424620752,1.153645826585162,1.247969070268225,0.6219840531527026,0.9764010499939104,1.437107707757971,1.554607080090384,0.008285212151644489,0.9707064905226882,1.029293509477312,0.9607250755287008,1.039274924471299,0.9607250755287009,1.039274924471299,0.5376973033417919,1.462302696658208,0.9607250755287009,1.039274924471299,0.6639769158090958,1.336023084190904,0.9774725936634141,1.022527406336586,0.5475645248109188,1.452435475189081,0.9746886299718762,1.025311370028124
Vitis vinifera,1.457097861558271,2.171302678270646,0.4929142287907378,0.5332153921509869,0.6200488987448772,0.725420940484482,1.144678529407821,1.23826859784997,1.058783173832613,1.016362734213381,0.7406743425580017,0.8012326221382154,1.221929965005375,1.321836188559274,1.043053910020357,0.8277944237323024,0.4941021477093387,1.091283364973354,1.122553239891824,1.214334322398703,0.7845242974726861,0.8785881402367874,0.7476175793213392,0.8087435449262282,1.193630963737654,1.250007912014779,1.142051954279895,1.235427271296491,0.8450973205297887,0.7774234538938245,0.6129076815835376,0.6630196303922546,1.284960311979004,1.439112376045204,1.271465984286599,1.375422322624497,0.4798784510505587,0.873233242038344,1.437413073713491,1.554937413073713,0.00764951321279555,0.9607250755287009,1.039274924471299,0.965189466923571,1.034810533076429,0.973049645390071,1.026950354609929,0.5829841524781587,1.417015847521841,0.9648395880194153,1.035160411980585,0.4768760465518165,1.523123953448184,0.9684916201117318,1.031508379888268,0.6024751183010169,1.397524881698983,0.9607250755287009,1.039274924471299
